{
  "L": [
    10.79,
    12.46,
    4.72
  ],
  "r": [
    5.26,
    6.29,
    1.6
  ],
  "beta": [
    0.24,
    0.24,
    0.24,
    0.24,
    0.24,
    0.24
  ],
  "reverberation_time": null,
  "nsample": 256,
  "order": 10,
  "hp_filter": true,
  "N": 6,
  "source_xyz": [
    [
      5.54,
      6.26,
      1.6
    ],
    [
      5.33,
      6.04,
      1.6
    ],
    [
      4.9399999999999995,
      6.61,
      1.6
    ],
    [
      4.85,
      6.0,
      1.6
    ],
    [
      5.58,
      5.99,
      1.6
    ],
    [
      5.069999999999999,
      5.97,
      1.6
    ]
  ],
  "SMDist": [
    0.28,
    0.26,
    0.45,
    0.5,
    0.44,
    0.37
  ]
}