{
  "L": [
    9.04,
    7.81,
    3.46
  ],
  "r": [
    4.08,
    4.18,
    1.77
  ],
  "beta": [
    0.48,
    0.48,
    0.48,
    0.48,
    0.48,
    0.48
  ],
  "reverberation_time": null,
  "nsample": 256,
  "order": 10,
  "hp_filter": true,
  "N": 6,
  "source_xyz": [
    [
      5.59,
      4.67,
      1.77
    ],
    [
      0.4700000000000002,
      1.65,
      1.77
    ],
    [
      0.14000000000000012,
      1.2199999999999998,
      1.77
    ],
    [
      1.1099999999999999,
      6.619999999999999,
      1.77
    ],
    [
      4.99,
      7.5,
      1.77
    ],
    [
      1.7000000000000002,
      1.9099999999999997,
      1.77
    ]
  ],
  "SMDist": [
    1.59,
    4.41,
    4.93,
    3.84,
    3.45,
    3.28
  ]
}